wifi_rssi,ble_rssi,lora_rssi,lora_snr,pdr,rtt,retries,best_protocol
-78,-56,-97,1.3201548602041848,0.9562340847573838,54.81443194042854,0,1
-94,-68,-116,1.700960346109417,0.9266379252026928,89.94099764881902,2,1
-85,-55,-106,-0.2511345649378143,0.9041536283668425,95.76287901909784,0,1
-45,-76,-109,-4.676840488903496,0.9593883097557899,43.92512381867534,1,0
-100,-99,-101,11.939776431901116,0.6004351521048789,932.1049498391244,4,2
-76,-52,-106,-1.195802957672023,0.8278396049235061,79.3369649210344,0,1
-59,-98,-112,0.7147302520501064,0.9899647397145013,43.46259253169332,1,0
-53,-85,-97,0.918887388212843,0.9473969941430557,31.402788757346343,1,0
-87,-99,-94,3.3412728990052147,0.5978700758365134,923.2580034608533,4,2
-63,-81,-100,2.671948531085717,0.9244353155464655,21.76178716883886,0,0
-41,-64,-116,2.3703555679100887,0.9720516061391464,28.62800489275253,0,0
-98,-87,-86,6.730493560351411,0.44975313249652976,772.0989755803462,2,2
-53,-63,-107,-2.34062075035761,0.9087290179589675,22.959602444271987,0,0
-44,-63,-116,-3.661478811993668,0.9827940887177492,39.66747776914662,0,0
-93,-54,-116,-3.9108165815326856,0.9752210385196085,86.61443754776346,0,1
-90,-93,-74,6.315341524058432,0.6546154587013417,377.9509816066068,2,2
-92,-94,-108,10.059184314548459,0.5180967209958569,436.1993209429137,4,2
-57,-90,-104,4.076937063485463,0.934292686427826,44.425280715629356,0,0
-94,-55,-107,1.084864126597913,0.9351964551172711,83.33599907626814,1,1
-41,-66,-112,3.4209141501870963,0.9771881980598245,43.85631397258229,1,0
-49,-69,-111,-0.06974342228195063,0.9511657013547261,23.285856506197558,0,0
-41,-96,-118,-2.0550605316057013,0.9490748779258784,30.220315164241352,0,0
-56,-78,-118,1.3664432162228257,0.9714064082223615,46.62054709167656,0,0
-66,-76,-114,2.689177413153975,0.9012203072318045,48.20945250893916,0,0
-88,-97,-90,6.562315691701514,0.7626288842688651,564.78194939675,2,2
-85,-61,-112,-3.8235097152644135,0.9342909869789287,87.75349824708479,0,1
-88,-88,-100,7.735094096908123,0.5075386969811374,988.8936331071266,2,2
-47,-80,-111,-3.3516573886299907,0.9106699250113436,24.51031578663782,0,0
-86,-100,-107,5.617849695612365,0.5603767049892188,573.1805976032214,4,2
-96,-91,-100,5.98284959406851,0.6488158249483975,623.9649070833308,4,2
-93,-86,-72,11.167281658158444,0.45686817868155827,638.9608600714951,2,2
-86,-54,-113,0.32260213339040167,0.8465291077125362,77.8723812489829,1,1
-95,-91,-76,6.735522515380833,0.6513736189675996,362.3461668313506,4,2
-95,-97,-89,0.5075009906721744,0.501528431262678,806.3756406629922,4,2
-83,-74,-103,-3.2522655717262285,0.8085266418574066,33.87840594127658,0,1
-64,-68,-119,0.8514953232547198,0.9907866130462516,46.02289204945543,0,0
-100,-89,-103,9.323136123926705,0.5927469917098467,793.6682778149965,2,2
-82,-65,-91,-2.254597459998746,0.8772697819696631,70.4936516765365,0,1
-97,-95,-79,4.989570008249402,0.7007088692156374,635.8236951327436,3,2
-93,-75,-91,-3.3366839225685787,0.8355532775702497,34.50554239404042,0,1
-53,-85,-114,-2.4700983201075886,0.989661026297402,44.67975040046094,0,0
-47,-98,-96,-1.1038191378079656,0.9548715309207408,12.756861574688752,1,0
-93,-91,-76,1.578219202996535,0.6186802082227074,901.0513229187274,4,2
-42,-69,-115,-4.167155888047404,0.9156977682716194,22.457770561825647,0,0
-61,-64,-120,2.8129605047120254,0.9986256995866816,41.51159554857969,1,0
-83,-58,-104,-0.7547257480363809,0.8267607472558978,86.01045341328921,0,1
-90,-95,-74,8.106961103403117,0.6438524046627608,420.3739292395549,5,2
-46,-89,-99,1.0244092590111897,0.9002595024383647,34.315775751770346,0,0
-100,-92,-74,4.829359649204028,0.6793244628910291,381.57684476961697,3,2
-88,-67,-106,-3.8769565558878085,0.8379389696349355,38.868607931494964,2,1
-77,-64,-112,4.423870191022331,0.911562645102214,43.247004784508405,0,1
-48,-73,-118,-2.9277235099194354,0.9539781061914633,26.209923521107548,0,0
-79,-60,-119,4.1423651595147,0.9188581501123549,87.84382329046176,1,1
-45,-74,-104,-4.089979089486697,0.9754635291860116,34.416186680318305,1,0
-88,-60,-110,3.594157932805892,0.870847248088955,45.76864033833484,0,1
-94,-54,-92,2.937438503805163,0.8397712555550592,78.689266403385,2,1
-88,-100,-97,6.986505117218774,0.5657878862157374,354.9742861824376,3,2
-81,-70,-93,3.4716736137257413,0.8244070104248791,61.93273365809298,2,1
-45,-67,-97,0.3434627502946306,0.9186404986788145,35.80216671077318,0,0
-69,-100,-92,-3.3378456809074706,0.9005300006397605,20.155542561732172,0,0
-78,-56,-116,-2.0472171077968992,0.8353774290287709,75.63325186624425,2,1
-85,-59,-119,4.013756495884444,0.8645055955692831,79.47390288612874,2,1
-76,-63,-113,1.4016822382816603,0.8824261860525543,32.510544352275836,2,1
-95,-89,-104,3.9851923847176374,0.4040362426756099,306.2547560927459,3,2
-95,-69,-119,4.058911047877604,0.8531702273308628,59.69331072905756,1,1
-96,-92,-99,9.249367419166557,0.7608945613848953,766.1452318853168,3,2
-43,-84,-113,-3.86535397982552,0.9536590645987333,34.14886126920556,1,0
-85,-51,-101,-4.853329429537362,0.9650401534831137,72.60482502224184,2,1
-43,-76,-95,-0.8879327912781374,0.9454267972219099,45.05776303501175,1,0
-59,-96,-94,-1.2214945072421357,0.9682982063417133,42.903355036466955,1,0
-90,-86,-98,6.861709963285845,0.5507942167705121,420.2692833332903,3,2
-89,-92,-94,1.5086912279067146,0.7358638622835162,435.933833016483,3,2
-89,-100,-103,7.273758779201756,0.5011254424356802,920.0514566620711,5,2
-48,-73,-105,-3.723102705775344,0.9180067272349298,15.564647765722475,0,0
-55,-92,-105,-1.1579816862078007,0.9718457270836554,32.777740710540016,1,0
-88,-91,-89,9.885337081213983,0.731756650783405,834.7697064685276,5,2
-57,-85,-99,4.587024074078462,0.9838582558702624,38.832523852420266,1,0
-79,-62,-110,1.0321941021337224,0.8095661640788211,51.906882376298356,2,1
-100,-96,-109,11.24854125797185,0.4881953738756426,434.9803526426973,3,2
-64,-62,-108,1.928903586919394,0.9045861266404633,32.62033389291895,0,0
-91,-86,-102,0.5160834224032738,0.755554969601452,256.67350778028634,2,2
-90,-67,-116,-2.6476441519801517,0.9912444381297897,66.91832737509657,2,1
-82,-61,-105,1.5469308143134821,0.8860674355017842,73.04336036003937,2,1
-98,-88,-75,8.113298776972933,0.5926197361103418,505.1048738273299,4,2
-45,-86,-101,-0.1747905035735755,0.9687784717096083,43.49963156009969,0,0
-77,-59,-113,4.812363743443038,0.9840594362438816,44.69589946985562,2,1
-90,-99,-107,11.170648464729702,0.705431627546629,941.4949886548889,3,2
-92,-61,-94,-4.415453858914461,0.9650264391857408,94.98826353726915,1,1
-90,-100,-90,5.603615999563329,0.4928159315604424,117.81609251252894,2,2
-90,-92,-92,11.327787664358516,0.6541774582638091,979.393809746416,2,2
-70,-63,-97,-4.631781323640086,0.9781514481751414,30.498306235276864,0,0
-89,-96,-109,3.207031557523144,0.7724039883541199,768.5424774156846,2,2
-48,-77,-117,-4.337640221481341,0.9598442701205228,16.18688563532945,0,0
-57,-68,-95,1.8103942709690903,0.9933691823759875,31.378235650289877,0,0
-89,-90,-73,3.314847899701837,0.683395878997119,873.8414518521483,4,2
-92,-89,-74,7.64509004497086,0.4435573255924157,486.63634921845824,2,2
-92,-72,-94,-4.799736440741755,0.8221615924359614,77.60064317304905,1,1
-49,-100,-98,-1.2227111382370515,0.9345082627822386,36.05468843952984,1,0
-81,-71,-119,-1.664304505277996,0.8020855398794806,30.23905668268691,2,1
-67,-62,-106,-0.9977710712797521,0.9225332797712529,29.880477952849958,1,0
-79,-53,-98,-2.6917081084598795,0.8848593771769776,64.95942779734455,0,1
-63,-82,-116,4.1525434166910635,0.9476619484126412,32.26886339133465,0,0
-91,-99,-109,4.048081692204281,0.4488121977287395,581.5229541390395,3,2
-94,-93,-96,0.43126409905864005,0.6253298568132187,598.0411145140366,5,2
-80,-53,-101,1.4528983752571687,0.8210735067905612,23.567592669836923,0,1
-70,-97,-97,-2.949546714934751,0.9713782454855326,42.602177136098284,1,0
-47,-72,-120,2.569991321722287,0.9577486270906126,38.808103265291834,1,0
-67,-64,-109,4.958313750293707,0.9722896096621776,33.80195918801682,1,0
-50,-64,-95,-1.4509480953727936,0.9321582764680029,19.43624138380325,1,0
-92,-87,-87,6.779812292103043,0.7341631323368504,644.9542899542888,4,2
-96,-100,-79,1.198401853634138,0.6375209923238463,945.1513863704685,4,2
-51,-86,-93,-1.5166339554680262,0.9620805684422091,38.64716298931809,1,0
-50,-90,-98,0.618666921437736,0.9515236054864211,33.71851621035286,0,0
-90,-68,-112,0.745873823177666,0.9506374671826806,98.24494543788228,2,1
-87,-58,-117,1.7155844361303725,0.9100183880916313,63.60844226085597,2,1
-85,-64,-99,4.767252386625788,0.9448634939353322,58.927812979500246,0,1
-99,-95,-87,2.6376641858782803,0.5567295853134,394.340179736636,4,2
-93,-87,-88,8.580464626208206,0.5571175103237374,665.1940443436882,3,2
-49,-72,-116,-0.23789303210985846,0.9229025390924797,39.28738313836249,1,0
-79,-73,-110,-1.0282122257078896,0.821588742929293,89.77085600179812,1,1
-97,-86,-92,3.781764469590639,0.7122927412803605,923.7314664260407,2,2
-46,-77,-107,-3.932439340641156,0.9710952478836749,34.12789608707918,0,0
-66,-69,-113,-4.115917766343534,0.9693717607403338,43.524278527131834,0,0
-88,-98,-92,2.2322760000679875,0.4110076740561661,720.800964323309,5,2
-93,-74,-95,-2.7264269990390124,0.863384495468989,54.29044375763806,1,1
-89,-98,-101,0.4998818205921891,0.6062637623425814,765.4674068481806,2,2
-86,-73,-100,-0.7605518708669798,0.9719130463293891,76.02015675556169,2,1
-69,-88,-102,-0.03438809316922331,0.9031804681485165,24.97741478881688,0,0
-99,-99,-77,5.704879294200884,0.4130471793366266,593.0062249449875,3,2
-69,-82,-101,-2.5891516767036817,0.945194860129904,31.186467146203242,0,0
-98,-88,-76,1.0240960378118982,0.7292643322835437,101.81666597341052,3,2
-67,-73,-106,-2.6140314020965985,0.9973110349270105,14.088506569007983,0,0
-98,-92,-98,11.386151469973566,0.5840009582323196,664.7379146058514,3,2
-68,-98,-109,-0.19954032981524872,0.9495423626403966,26.881442382027494,1,0
-98,-93,-72,4.251213178092559,0.5741296885820946,352.9342732429254,5,2
-88,-96,-94,9.879713157848615,0.4817843544218847,504.1762705098521,5,2
-89,-70,-120,3.6925962465105258,0.8266290008356194,75.81365020160601,1,1
-89,-58,-103,-2.431161523542852,0.850611686560157,58.47248006024557,1,1
-77,-58,-116,0.5663705793671721,0.8998667669957237,74.8729016839891,1,1
-85,-67,-102,2.87901988292265,0.8547582615028213,52.31823010612386,2,1
-78,-75,-93,0.2649919415378097,0.9361949654476489,78.840448519003,2,1
-83,-74,-109,3.1574864350428093,0.9580675471720297,49.877007691533876,1,1
-100,-87,-95,11.779839886229375,0.4688356917181038,131.50712332612508,2,2
-92,-62,-107,4.5466003003330755,0.8594710096473678,31.025831932738832,2,1
-93,-93,-106,3.2585645689349083,0.5420164225807833,163.8024183021568,5,2
-83,-70,-107,-1.392274808894002,0.8742817135300281,71.00426115761837,1,1
-62,-92,-93,2.0818119558319985,0.9648822840291577,21.98383647065908,1,0
-96,-89,-79,10.58390603665963,0.4056760197583069,384.894698741083,4,2
-93,-59,-106,0.21234132485334367,0.8383564911183722,29.97712455291124,1,1
-85,-54,-91,-0.9052214699479606,0.8644431006889257,98.36406723054056,0,1
-93,-86,-81,2.8699053333869164,0.4082685475567618,457.70334120918244,4,2
-100,-96,-75,4.4539393774289024,0.7825280373550111,932.9699870666929,3,2
-81,-62,-93,0.22481040516118345,0.88095968581704,68.17165152419848,1,1
-91,-67,-96,4.514785596659912,0.9553447260943385,63.09565338744313,2,1
-89,-90,-82,3.200102359943731,0.7095624887082661,298.4353241259737,5,2
-63,-69,-117,4.675805515202475,0.9341563210456545,23.700970287141736,0,0
-45,-70,-109,1.3936135697424232,0.9997692615923843,17.37483682715853,1,0
-82,-61,-116,3.68900625540571,0.8447228868992622,32.12554972701389,1,1
-93,-74,-109,-0.23304524958840833,0.8035375619226515,74.27030582841135,2,1
-90,-95,-89,10.367538968820122,0.7190189442148798,748.5089937799655,4,2
-94,-57,-103,-0.5759006351933049,0.9941499915341341,49.69656751119986,0,1
-87,-57,-105,1.1715578339564683,0.9983176817740548,97.98677222248895,2,1
-51,-75,-91,3.668687053108414,0.9749616232008588,19.929057710286074,1,0
-78,-57,-99,4.95480490704257,0.9951981699197585,78.59589854704718,1,1
-55,-66,-109,-2.4855756048820155,0.9899667445292173,29.92363014044023,1,0
-56,-78,-111,2.918178394696329,0.9166730759993383,26.175260061960973,0,0
-84,-53,-115,0.3248119255942612,0.897678826012988,21.435654285479345,2,1
-100,-94,-89,9.396199647800795,0.786821072570414,983.7151282688852,3,2
-95,-61,-103,-0.7731088660381049,0.8250467140865655,31.597205790385363,0,1
-46,-97,-116,-4.172515799646939,0.9473166201051892,43.22618026260999,1,0
-100,-93,-75,6.8477954865712185,0.524033815337102,688.5946831058211,3,2
-95,-66,-92,2.3195806758563453,0.8254399525374899,79.19891093484894,0,1
-100,-97,-80,6.368848263442031,0.5076078587193242,562.2499418898922,4,2
-76,-66,-95,1.3496004559103314,0.9919653036151859,83.01704124221669,0,1
-92,-88,-88,0.5347658813841498,0.4629305120007313,466.86957218169016,2,2
-62,-87,-95,0.5158787254407002,0.9794289449966462,40.95338092805361,0,0
-42,-72,-119,2.9647177567387732,0.9486357481995608,16.480555115663385,1,0
-48,-98,-96,-4.421361022422926,0.9205077560149459,42.212598694316206,0,0
-82,-56,-104,-3.8017099798235368,0.8313276873947617,34.641235538778176,0,1
-88,-88,-90,4.771770955104433,0.5853174613091188,293.2010775752831,4,2
-84,-60,-96,1.7584124508737595,0.8453929388730729,92.31306642082997,2,1
-93,-73,-98,4.616657359548132,0.813850861257172,86.22947002577382,2,1
-94,-69,-110,-3.5822560647289814,0.8990904206921964,76.48152061312197,1,1
-80,-53,-120,3.511742608527708,0.9729320784280835,96.02502023444734,0,1
-94,-89,-71,5.226091505666288,0.4814313510185442,996.6360578723891,3,2
-93,-100,-100,11.169687567797878,0.5305353723727949,733.4130798914568,4,2
-89,-99,-100,11.31580580179251,0.721901248795878,400.11633423640944,3,2
-88,-86,-103,3.050776604984347,0.4615228098566431,991.3256037985346,3,2
-43,-82,-91,-2.4631782612686126,0.9378772625951289,34.99903948204209,1,0
-86,-89,-74,10.130984428869821,0.7578571190310539,802.8963042534923,3,2
-87,-51,-109,-3.0544167681469903,0.853077481837639,33.350809428389674,0,1
-96,-88,-90,1.2576967799708654,0.5102191756877934,270.8337726749404,5,2
-95,-86,-81,4.10164446590619,0.5749927706432839,592.1883692884401,4,2
-59,-93,-116,2.7760228373522553,0.9745974525548718,18.78042100323835,1,0
-59,-77,-104,1.7676990442430327,0.9481145394056293,17.452835179764826,0,0
-56,-69,-120,3.227903518766931,0.949824769784894,38.56236799159313,0,0
-93,-98,-85,2.180870288513556,0.48022410042919317,494.54648202768516,2,2
-59,-64,-102,-4.778152579696984,0.9531857479688174,20.547352105384658,0,0
-87,-90,-92,5.503175322166079,0.7128685052364985,948.278176768105,3,2
-47,-71,-102,3.67116607209722,0.9874317604854417,39.043823442496034,0,0
-81,-58,-118,3.9671428984012245,0.9508507088687727,82.43198209178196,2,1
-96,-86,-90,4.084448955669153,0.5832938601571336,451.61389988734527,2,2
-94,-62,-119,0.8706170770115094,0.933261377167008,44.874314400604334,0,1
-87,-51,-118,3.1376628831958637,0.9872898347767322,87.1971184225746,0,1
-99,-99,-73,10.437158120180529,0.4592711712919782,161.50069436104377,2,2
-55,-93,-104,-1.1173161601012782,0.9707230095644445,15.643273951108544,0,0
-63,-76,-93,1.7984477990024583,0.960193539554096,46.75002089042986,0,0
-86,-90,-83,8.186326567519325,0.7383398201839871,625.2012705923366,5,2
-69,-90,-105,-0.6366416839344406,0.9087887624540144,13.020134552155568,0,0
-52,-68,-111,2.4957829997607206,0.9205001810053237,32.63106479866242,0,0
-83,-55,-111,-0.6913790846196664,0.896920317403773,71.46921439294275,2,1
-64,-73,-120,0.6852028374995829,0.9584766105949154,21.517184659029045,0,0
-86,-63,-101,-1.5643952522429605,0.8923893873341912,82.97012820812833,2,1
-86,-64,-111,-2.6975383157213004,0.8152833718876104,38.04330639405861,1,1
-56,-66,-102,2.3710070584301928,0.953503673204491,45.49841930054012,1,0
-99,-98,-94,4.527763936875884,0.723231712942332,164.89998363649167,3,2
-88,-98,-79,1.6439887566440565,0.6235922536399097,107.16796427090601,2,2
-43,-79,-102,-2.6331480631792124,0.9233216411549802,32.29221475560192,1,0
-68,-71,-120,-4.364881704099987,0.9048094643964087,29.391134686013846,1,0
-63,-61,-91,-4.171086783066458,0.9487809800808737,14.11925917325262,0,0
-94,-96,-79,3.962913352036864,0.4190565029746027,587.7910674007893,5,2
-90,-61,-96,-3.7677734582783398,0.9308151590743996,21.834624901443362,2,1
-93,-88,-100,8.765956331505482,0.6718199708535634,487.3372747217139,3,2
-70,-68,-120,3.1638573521306235,0.9332815785912485,29.770954005530857,1,0
-59,-99,-99,-4.245654529102307,0.9917395613085531,32.06890381037359,0,0
-62,-80,-105,2.499107494699718,0.9235691746065,26.868157382131272,1,0
-83,-56,-119,0.9704691689569165,0.890024886483952,23.987362222635326,0,1
-63,-77,-110,-0.01834813354107112,0.9066619112390817,20.659935734835287,0,0
-45,-99,-113,0.7592457525808456,0.9400300488910281,34.59801052610618,0,0
-85,-63,-111,-0.20816770556400055,0.9565392081488299,22.3257104275163,1,1
-84,-70,-93,-1.190904744890128,0.8516863240583636,73.13503316043338,2,1
-43,-75,-113,0.4744630689911151,0.9536481351484595,25.86597492208217,0,0
-98,-98,-106,5.711612772139871,0.6295365016418054,166.6379961211132,4,2
-41,-78,-109,-4.4412884532265,0.9531265753973535,46.918409271939396,1,0
-100,-94,-102,2.4851390181188546,0.45014259031695425,482.2943773825476,2,2
-88,-69,-101,1.4660591342286011,0.8129233359688173,43.95548083935093,0,1
-90,-62,-112,2.6994470025167896,0.9292180246925016,34.26019735237133,1,1
-70,-68,-99,4.568008851264564,0.9092290586228746,16.62082041469159,0,0
-58,-65,-91,0.8116262118082629,0.900271089941433,24.52236848780362,1,0
-88,-94,-105,0.03457501998737511,0.750942244882104,667.6304240429065,2,2
-96,-98,-100,7.612076876534451,0.4230811713663596,981.0617563369937,5,2
-86,-90,-99,11.993594978587568,0.5777461396966058,599.9458816952741,4,2
-91,-70,-111,-1.199254910627947,0.8341329517099997,20.150390681992853,1,1
-83,-67,-107,-3.215540347722279,0.9885662282826524,24.4908882732968,0,1
-62,-99,-114,-4.237996204008368,0.9684571547879833,34.990450841730045,0,0
-91,-93,-106,3.493730973422148,0.5085754310536801,419.37474767153304,2,2
-88,-89,-76,8.52162518157679,0.5623004674460245,635.3228932100106,5,2
-90,-93,-72,11.388854355778127,0.6197239085920416,741.6640070729252,2,2
-89,-72,-103,-0.5728303322047292,0.9778781832257688,92.7512153606717,1,1
-56,-65,-114,-4.608136733243537,0.9209130791078515,43.07195311236313,0,0
-97,-96,-107,8.660658632606152,0.6928490427371823,551.3639153317604,2,2
-88,-65,-103,-1.6277286724457962,0.807604369647491,93.80984464702317,0,1
-61,-89,-98,-2.831908934135088,0.9975067162945143,17.844523987738114,1,0
-59,-77,-106,-4.082958527415189,0.9377285965242073,19.095824835084507,1,0
-91,-72,-96,0.42363664979738314,0.8159930788718605,50.020792355413306,0,1
-90,-64,-98,0.9575072818895674,0.8071141734071097,22.903009809080174,2,1
-97,-88,-108,7.121829155711216,0.7416887625363473,322.7590658263708,4,2
-94,-90,-110,11.54772243585341,0.5247936081305674,110.34322596830378,4,2
-81,-69,-119,-1.5367823141099644,0.9088033158365504,37.2872362548246,1,1
-44,-99,-93,-2.8727210497577103,0.9084517007680682,39.76998607373155,0,0
-88,-64,-117,-3.587219507244942,0.8684767272067093,72.77034931157938,0,1
-62,-63,-108,0.13326168692392848,0.9182283878475959,18.80388856324388,0,0
-88,-90,-86,6.817110148054407,0.6926898946256852,836.5326098332035,2,2
-95,-70,-116,-1.2152357651413093,0.9564969849127876,26.913968861003717,2,1
-52,-61,-95,4.1047127840327295,0.9457000219281678,15.400051096848276,0,0
-91,-57,-115,0.09724246751698118,0.8442126742907458,88.95895267234178,1,1
-89,-86,-74,1.5552078143453034,0.6050880991250513,110.33259377444006,2,2
-79,-65,-108,2.4687571613582273,0.8772921682318294,57.62552432814285,1,1
-69,-72,-95,2.0508436429665986,0.9736822475394913,27.071556213469975,0,0
-58,-83,-100,-3.668148747762503,0.9201730462330237,46.42496014161216,1,0
-54,-61,-120,-2.6249352870753007,0.9007534363134075,29.243517935503437,1,0
-91,-75,-97,-4.129610374123414,0.8837161243247871,61.62372615349233,1,1
-48,-99,-101,3.3696387423737377,0.9844440672633629,46.50997851516515,1,0
-82,-62,-114,0.45686888495473443,0.8635062895753475,35.51630938142199,1,1
-81,-74,-100,0.06838431820482604,0.8992095677359774,63.9070925376047,1,1
-87,-99,-110,9.92057591917222,0.742082794007348,487.48618855647095,4,2
-93,-67,-120,0.23084724581784677,0.9236103348574372,52.186169974924475,0,1
-64,-90,-101,3.918969087767767,0.9104869166532481,41.219828301843506,0,0
-50,-85,-98,-1.2201240987774553,0.958419948471417,25.892724618303916,0,0
-45,-75,-116,1.9541112310664754,0.957599841780566,26.319379814593788,1,0
-52,-95,-107,2.3164775529964023,0.9697667573696932,46.474096353718586,0,0
-87,-94,-79,6.999198213756545,0.5239999748687157,268.2229965476155,2,2
-79,-75,-97,-1.2649031696161241,0.9164296459559945,29.790140586014235,1,1
-99,-94,-110,7.702319506264265,0.4764474837984011,283.6221991647208,2,2
-89,-73,-111,-3.2952206182608244,0.9791629194743764,59.55849050360744,0,1
-79,-55,-120,0.2662379726895958,0.9702897275102531,79.96363875751106,2,1
-93,-63,-105,-3.382357886478904,0.8107716413996052,28.954874161722426,1,1
-91,-62,-93,1.6960261613396188,0.9567685353535348,87.58315490288172,1,1
-49,-66,-105,4.24643330223596,0.9696961462366421,49.157257424638445,0,0
-92,-55,-120,1.801319311034514,0.8137425665036536,69.57595521595326,1,1
-87,-93,-71,1.3922721761780315,0.7233101758223751,983.8445833143663,5,2
-50,-81,-101,-2.400501371457373,0.9932014342256934,35.329630996438425,1,0
-90,-56,-94,0.00445309130741478,0.846510271673076,75.03072879039321,2,1
-85,-68,-100,1.3796079331597007,0.9860637769675648,56.93862508899058,1,1
-78,-52,-97,-1.056346761816498,0.920510632768573,80.50117263131621,2,1
-100,-100,-103,2.763011048526176,0.6660584776953622,631.2093932358034,5,2
-88,-55,-92,0.6343892734845884,0.9212741888866751,84.94017734925679,2,1
-66,-76,-108,2.8466826394430953,0.9573150849257389,48.34508709252882,1,0
-51,-98,-116,-2.5127584556971208,0.9557742265950437,41.99128088297078,1,0
-92,-96,-88,3.6383287135325526,0.7812080084715597,965.3620050847763,3,2
-67,-100,-99,0.28370121297209216,0.9850817517836146,23.37451245241929,0,0
-83,-56,-97,0.9648547498542159,0.9658664810282568,42.232167779909425,2,1
-48,-98,-107,3.0504466751936192,0.9752403120038823,13.613478423104315,1,0
-79,-64,-113,2.371802250072431,0.9197063151368732,53.43919470963875,2,1
-97,-99,-89,8.698277991780206,0.5410410423715433,753.153319327693,4,2
-56,-73,-109,4.9593124203032914,0.9759955408937586,44.54072562451828,0,0
-42,-94,-108,0.47971883248087366,0.953726341671407,19.09403932119948,1,0
-94,-88,-76,2.815841301310192,0.5626696279994333,206.64312289156052,4,2
-68,-79,-95,0.6908146916574767,0.9721596550751277,17.28428555286333,1,0
-94,-98,-94,7.450903082612497,0.5930001680941444,467.8995351062188,5,2
-42,-66,-117,4.405318271353835,0.9087868111242657,23.434634285993404,1,0
-88,-93,-106,8.512595605048691,0.7517986282912505,145.44004997116713,4,2
-93,-96,-84,3.623000400930022,0.7058876565905117,125.48014696240101,2,2
-84,-68,-117,0.39732618759942806,0.9370596032231747,63.58782072676125,2,1
-50,-79,-101,-0.7652905769188143,0.9460119158983572,26.943874496819316,0,0
-66,-93,-108,-4.863280351730027,0.9750501924765314,37.95383412643618,0,0
-64,-74,-105,1.9171439716891205,0.9825132676692797,18.72092429976346,1,0
-87,-97,-83,1.5591590944284155,0.6412257224682066,890.1860472863514,2,2
-94,-52,-113,-1.1747371975599172,0.9232999453790167,97.38849422306201,2,1
-41,-95,-91,-4.000151128381367,0.9355991484271986,14.16987864207238,1,0
-94,-88,-98,9.130252134173947,0.5548949084712385,200.69255489421147,3,2
-93,-100,-92,11.162051585261095,0.5611057593849008,204.57186087290137,4,2
-85,-68,-115,2.6665613520040594,0.9621371855972533,98.37173720271068,1,1
-83,-54,-109,2.7262272744938256,0.9318071068407362,21.07221011457325,1,1
-60,-73,-107,-2.499835507838953,0.9696501466227079,14.03178412063546,1,0
-67,-71,-120,-4.565992167018273,0.9018242481428361,42.029990859444844,0,0
-41,-73,-96,3.021092490267341,0.9805864886741144,40.12984882989804,1,0
-44,-69,-102,4.8046272509237795,0.9143127985548469,43.48315962812117,0,0
-95,-86,-92,2.9026666026497514,0.6544169875119874,795.0709136488086,4,2
-70,-68,-91,4.191765518355595,0.9116696064141682,11.369124432821165,1,0
-92,-87,-77,2.2684742967303806,0.7811587183991311,865.6122345443616,2,2
-95,-97,-108,10.531764235809376,0.7299151425111148,655.5241187638532,2,2
-68,-68,-119,-2.617638475960206,0.982179063684445,10.9209041915055,0,0
-56,-61,-91,-1.3965490479473175,0.9506103956359347,13.477000598013973,0,0
-92,-70,-94,-3.4701619917143733,0.878478744305695,66.86481167775216,0,1
-82,-72,-105,-3.4069597938101968,0.8025429779973787,69.03201286895595,1,1
-87,-88,-82,8.647861743397359,0.4704381885322379,827.9109861071846,4,2
-43,-99,-100,4.309291056872926,0.9924041759107434,14.57069200222751,1,0
-86,-88,-93,1.439444316286679,0.5835853917509195,304.05464409696697,2,2
-41,-68,-93,-1.643399352030368,0.919950692733832,42.27400595850344,1,0
-54,-89,-95,-1.070105510211409,0.93792285849638,49.414692489669385,0,0
-61,-70,-100,-1.7731361172241633,0.9051635477874513,31.06313866637175,1,0
-89,-69,-91,-1.7161877211491894,0.915032670099325,54.70404098038174,1,1
-87,-58,-99,-4.287197299448361,0.9238995502815175,37.376727815296846,0,1
-77,-73,-107,0.4849972165147678,0.9796523254585412,90.5160623740017,1,1
-86,-91,-72,8.110172957572036,0.4001771125748832,806.7419303644136,2,2
-92,-86,-77,10.748720711114075,0.7092356166789865,246.5335447091774,5,2
-64,-68,-111,-2.020405484580495,0.9603957872072513,29.35019767729651,0,0
-94,-51,-101,3.2317401559566026,0.9584187267521087,67.94951725303471,2,1
-89,-51,-108,-1.3304392079519936,0.877519046296554,42.048987094315635,2,1
-46,-95,-91,3.8035996863841675,0.9535335564015524,28.35955952068052,0,0
-94,-58,-98,4.055247923296738,0.9492414514963677,57.76483473575986,2,1
-80,-66,-107,2.2142206732873166,0.8301352215419755,30.10030262340908,0,1
-94,-71,-109,4.741646286280156,0.8087471251759939,21.762812823800335,2,1
-82,-54,-106,-0.5364764880235784,0.9334700796092856,63.865646698113935,0,1
-95,-92,-104,8.868318693455503,0.7530937522693688,703.607972844093,2,2
-98,-94,-95,9.147708384263264,0.418161312587477,698.4950646139963,2,2
-64,-68,-98,3.7666148592579276,0.9606101881055839,23.807685795251025,1,0
-77,-75,-115,1.3798520579329763,0.8647000789822947,25.003378151789477,2,1
-56,-65,-100,-0.6554815551172863,0.9564458542522641,28.729273137655174,1,0
-76,-73,-99,1.3020874832914417,0.8958708880275704,32.867853916619694,0,1
-92,-86,-76,11.235853847629881,0.4711552496196094,284.8612676302264,4,2
-68,-95,-118,-0.7390852495305893,0.9867214981074723,16.620532697118954,1,0
-62,-73,-104,2.2612084407184803,0.9316196582296494,37.648874304386176,1,0
-61,-99,-95,2.2639703265022826,0.9102916030744145,47.97227188231063,0,0
-88,-74,-95,-1.9793949816520495,0.8298475555900353,79.777567019363,2,1
-90,-55,-98,3.7789115904132746,0.8045787649952241,68.95524042698648,0,1
-60,-81,-109,0.805440123439098,0.9411661214357528,20.240621274146488,1,0
-94,-98,-90,1.6693901866930503,0.760553238656774,640.9924260618955,4,2
-44,-70,-109,3.313714900625012,0.9542849310613409,20.02922642246391,0,0
-63,-77,-116,-3.303200961044345,0.9736247183698488,48.505972742194984,1,0
-94,-65,-92,-3.0284587342712266,0.8149259628674164,34.26980674458639,2,1
-52,-100,-115,4.68651943974135,0.9133116928587478,33.48272896546269,0,0
-91,-66,-116,-3.1477155345259034,0.9927644550964703,98.55753523569162,0,1
-61,-74,-117,-4.246409396475377,0.9799537130919516,26.10200174387922,1,0
-59,-82,-108,1.8803001017503904,0.9687165505403331,11.313866809737533,0,0
-83,-54,-96,2.2451685139861812,0.97649188809122,20.56233630508953,2,1
-58,-84,-92,-0.49089552583895557,0.9378821565556916,48.16347746158532,0,0
-95,-90,-110,6.5805844343478475,0.566377561832742,920.3691639927848,4,2
-98,-90,-105,8.635845799326365,0.49147776376014596,254.8995425404999,3,2
-96,-87,-82,9.133059672286507,0.6684221135439659,289.02641456465346,3,2
-93,-87,-78,6.5256687343948485,0.5182778696166417,291.77650781632735,3,2
-93,-95,-101,6.326791929046951,0.6824772731853435,498.97585856545777,4,2
-78,-58,-106,-1.37055728154008,0.845568483508622,38.94274474491083,2,1
-98,-94,-71,7.239501668579316,0.7049931537902212,399.73138462485855,2,2
-100,-89,-97,8.70752640329299,0.7796834507482049,285.5956645757259,2,2
-86,-90,-94,10.77209607213548,0.737311236374561,501.5810988797893,3,2
-43,-71,-98,4.131657522576429,0.9633758563720177,15.291048445013216,0,0
-100,-98,-103,4.412803809661319,0.6892513095530217,561.4537548355984,2,2
-93,-97,-98,6.563559016456658,0.7584163198628877,114.23187660966586,2,2
-68,-66,-118,-1.9222276022895057,0.9431528143136443,35.32392253429791,0,0
-47,-62,-119,2.3990876044737455,0.9223849065906321,41.60338548496347,1,0
-76,-57,-112,3.252861082328968,0.9956794557601192,56.81298115907517,2,1
-43,-92,-95,3.4714314409558984,0.9330099513310156,14.912431273829352,0,0
-92,-99,-72,0.9925855382922419,0.7840671138914982,470.4899144110322,2,2
-45,-68,-102,-1.4978175329968648,0.9355104303279305,17.378514856754244,1,0
-59,-62,-95,-2.0236482549068913,0.9534423503732523,13.09284261955149,1,0
-84,-57,-113,-0.4314135511963135,0.8165235326918537,47.67363580013554,0,1
-63,-94,-117,-0.1962991813364532,0.9408518292935917,48.981890607954796,1,0
-43,-83,-105,-2.290423574848701,0.9548921979888978,38.15784540554038,0,0
-86,-58,-115,-4.476611242134917,0.9797801648012471,81.7486180945297,2,1
-67,-75,-102,-0.406531920538276,0.9408955177085493,43.66118641240173,0,0
-94,-56,-112,1.4907465879439306,0.986546148095251,90.17107532091232,2,1
-96,-97,-108,5.967749354027669,0.48535733919027585,280.9888546984007,5,2
-87,-96,-102,0.7165978676506719,0.459840579810781,444.95581567798126,2,2
-96,-100,-94,1.9665722853657863,0.46361000149610454,886.3506281640026,2,2
-93,-96,-75,5.068614266211671,0.41842269367598256,709.7868509531806,2,2
-89,-89,-84,11.695101736023956,0.5720411506119201,505.6178274450218,3,2
-64,-77,-92,1.1726371209729205,0.9778571939050751,12.729988214163663,0,0
-97,-91,-103,8.00239992661106,0.6178023076196912,205.3594372817518,3,2
-50,-90,-106,1.4684836166872381,0.9529840023181116,47.776389023090935,0,0
-89,-88,-105,3.4796414273233083,0.6090158866928214,742.9696872639385,5,2
-95,-93,-85,6.4657561084754285,0.7401886459043351,805.5886228204199,5,2
-53,-83,-119,-0.2228510911977235,0.9365356819674058,40.61425124264963,1,0
-87,-90,-98,1.2329790294290803,0.5580823705239881,941.7673886907949,3,2
-86,-68,-101,-2.938138354815736,0.8558735427869433,50.153133178909755,2,1
-96,-95,-77,7.713826977602091,0.4720783016512592,674.1588364162649,2,2
-89,-95,-94,1.331730295021777,0.5662415583629342,644.9344022929641,5,2
-100,-94,-106,2.1936868398828056,0.7819387972153873,947.1452034176665,2,2
-87,-64,-98,1.7142466953061444,0.8486955936809735,36.23490940599218,0,1
-90,-89,-81,6.904264839018672,0.6361724359290774,826.4703869120692,5,2
-95,-96,-94,9.384184019195608,0.5021236306015727,651.0323356856602,4,2
-84,-65,-101,4.296058774219892,0.8457789209693227,60.808776999906016,0,1
-98,-89,-71,9.957157443451738,0.7272106996554772,169.43065168562367,2,2
-63,-79,-102,3.291642207065145,0.9926449423589712,28.842618107752575,1,0
-84,-57,-110,2.5483781994084778,0.8956510589151848,69.95403571773824,2,1
-96,-99,-83,10.389841982668262,0.5545292692305864,567.7338366050358,2,2
-84,-52,-120,0.8047500671667462,0.851082696937044,90.57084914256481,1,1
-93,-56,-96,2.685998047885084,0.8190023397984609,27.10721960700515,0,1
-87,-98,-98,7.436814857197071,0.652863799674583,819.7468875683751,3,2
-65,-76,-113,4.779006687542708,0.9055653489356975,20.89207418881198,0,0
-80,-61,-101,-2.443550021907277,0.8532038556010761,99.2901145457043,0,1
-91,-67,-104,-0.2710803436681788,0.8204299059315077,94.36935383005473,2,1
-60,-84,-101,-1.2326103006205926,0.9990929476457391,14.569517036815874,0,0
-83,-63,-106,-4.974159851550176,0.9237896386015443,49.71376014984366,2,1
-65,-93,-92,-4.4651470325263105,0.9894217262895926,43.61758527921692,1,0
-87,-91,-84,3.2276163791446315,0.43628868089397244,192.8092261672682,5,2
-54,-62,-110,0.5370305234580073,0.9868301107035586,25.172227935421954,0,0
-91,-90,-109,6.327182170983079,0.7889679996160414,808.636010504595,4,2
-100,-92,-91,7.613089743439003,0.7389086670887438,565.1109452153423,2,2
-57,-61,-119,4.031510586766263,0.970698046124346,40.839437021419144,1,0
-81,-53,-111,3.31863113251422,0.9884630779346386,54.310950308883086,0,1
-91,-54,-116,2.997810954240217,0.905100924393728,70.91925208393232,2,1
-91,-59,-96,-1.000947931958438,0.9696031770498803,24.22431683748225,2,1
-86,-98,-81,6.655888176421147,0.6636455057878106,586.6611104197938,4,2
-76,-54,-116,-3.5100814402980527,0.8555505247498523,20.882529140997264,0,1
-64,-75,-98,-0.9479791321858286,0.9337446833871919,25.109037897606772,0,0
-57,-69,-95,1.969250558638148,0.9820861473153353,23.57084983584764,0,0
-93,-91,-98,4.817347570958324,0.4855828154752948,709.4371712119063,3,2
-87,-57,-110,0.8093205326279769,0.8441605259571279,28.330988633622994,1,1
-87,-91,-88,8.092187748281628,0.43900573025635903,825.2600793560498,2,2
-56,-99,-98,0.5481560854222565,0.9493981487130863,38.86131444487623,0,0
-83,-52,-107,-2.563432839361334,0.8751985779882623,74.70032844616341,1,1
-66,-69,-98,-2.7742358242896947,0.9354146670793125,11.355166409863799,0,0
-86,-61,-96,-0.5558054724879842,0.9905595055202588,90.3853188753551,2,1
-81,-55,-100,0.6657536217141855,0.8538662596604051,83.5191773094405,1,1
-57,-68,-110,0.8995589713763605,0.9878629115373438,40.83645508257082,1,0
-90,-91,-92,2.1636952250733374,0.40642474599240247,807.8701441517624,4,2
-77,-58,-109,-1.8772821395120398,0.9617766923272656,88.21824159005689,1,1
-47,-66,-116,-0.46759153171168943,0.9320642192159514,39.43618452784009,0,0
-82,-73,-114,-4.841789082344175,0.8211386959812549,24.58242008620987,2,1
-60,-88,-96,-0.8205396828442124,0.9579649934471739,48.36299178256111,0,0
-42,-82,-109,2.4097386091066832,0.9607555222293573,33.49814416936297,0,0
-41,-71,-93,3.7822066747919223,0.943874467538834,29.898595759195622,0,0
-100,-96,-95,9.718322248327034,0.4392939968756322,850.2788207295625,4,2
-98,-86,-103,8.256533326032166,0.4131238496514434,106.013916301499,4,2
-80,-66,-103,-2.6094466780273438,0.927214152745965,27.805000819143977,2,1
-45,-95,-95,-0.18333012035884622,0.947958210175425,22.397477050744435,0,0
-50,-74,-99,0.34327473530563424,0.9347619214482683,40.84986674078952,1,0
-67,-67,-111,3.6313852198900385,0.9089204328712056,49.02165262731025,0,0
-66,-95,-120,-4.531035322087801,0.9355362451818396,14.263149205146973,1,0
-88,-67,-120,2.176357859086295,0.9311447345123313,76.23547527829415,1,1
-93,-75,-112,0.011529991820097507,0.9455894353461487,47.18219772495081,2,1
-69,-74,-99,4.585414968831984,0.9128748398299644,46.427447930228524,0,0
-48,-84,-103,-2.252682029740912,0.9624101544181838,12.687015996628404,1,0
-89,-68,-116,-1.8280428323460143,0.8307582299336063,28.474457004679437,0,1
-87,-93,-73,11.368742995037362,0.7214072433739738,549.4885928801518,5,2
-81,-64,-95,-1.9914689164674493,0.897203100595508,47.061048426587874,0,1
-79,-64,-92,-3.0967513718093223,0.9029315173147023,45.21516168778872,2,1
-92,-97,-85,6.624832375840534,0.7359264648582124,229.54772221500775,3,2
-77,-63,-91,-0.9881208596101736,0.9017158578895157,42.057588247644176,1,1
-76,-74,-116,-4.368909669208499,0.9984830800978941,38.09176412719526,1,1
-88,-56,-94,0.9353856912314722,0.9258597612021473,81.32708191773148,0,1
-98,-93,-77,8.059707378552357,0.5522758724643464,544.1508929389674,2,2
-95,-58,-108,2.8627595675709454,0.8640119665041968,48.477869903588214,1,1
-92,-99,-92,4.590963882847625,0.5448705019194914,835.5270802301391,3,2
-97,-87,-72,4.621441438830001,0.7969769157499116,283.9965165545922,2,2
-97,-97,-77,10.886397858727467,0.6207961208482885,175.52758223928646,2,2
-87,-98,-93,0.6263835485396596,0.7615030287100569,704.8504348770281,4,2
-43,-81,-95,-1.6974747098090148,0.9586535434660759,23.97547996197332,0,0
-93,-63,-109,0.15175170333731636,0.9668606731909535,84.10935326556152,0,1
-94,-61,-108,-1.0895723694182555,0.9079112440991011,59.78047442517506,0,1
-81,-69,-104,-4.987633202405906,0.8227913269428635,35.29525611718312,1,1
-97,-100,-102,11.001500288428021,0.7677549618290691,891.4069181588752,2,2
-100,-99,-97,4.987706240230868,0.44754975647082884,522.5729878394764,2,2
-43,-81,-92,-1.0547820139187012,0.9967994066504234,49.549151278217714,0,0
-79,-72,-91,-1.5832549810307919,0.9758537319995677,31.27677020174154,2,1
-89,-93,-74,5.558072601016101,0.5992944001997093,534.037925126973,2,2
-63,-68,-93,2.570812020424559,0.9588306675795056,37.32735425781925,0,0
-97,-100,-107,11.882506723051456,0.7015318802276875,808.0925530214146,2,2
-68,-80,-120,4.679737654398231,0.9730549136809301,32.931775127176024,0,0
-100,-95,-78,7.772558052755057,0.48995608672636504,726.2177298899004,2,2
-56,-85,-120,-0.8336094226152078,0.913882477344202,43.004293256906394,0,0
-64,-77,-103,-2.667719275754722,0.9563965092018837,18.507231373649052,0,0
-93,-64,-104,2.5934432792286604,0.9012215109693502,69.19825922729059,2,1
-87,-92,-83,10.506134718631394,0.7960345504269929,392.7285153320968,2,2
-68,-66,-92,-2.3132751797469266,0.9391482110201502,15.60074154641796,0,0
-51,-62,-91,1.976418714934633,0.9539860637112837,31.593711156327736,1,0
-90,-68,-110,3.223934188170581,0.8423510701330957,50.83007064378894,1,1
-94,-89,-95,8.834405100729144,0.7306987072104989,942.6404254718973,3,2
-83,-65,-116,-3.5029603204304225,0.9228162622369472,33.223528877613965,1,1
-94,-100,-71,10.877051566973241,0.5795254582986424,470.2055198492295,4,2
-88,-90,-80,5.776000518427979,0.6463647662706885,843.8392811761862,4,2
-81,-57,-120,-2.429527335679201,0.8327367602930603,38.19275966891031,2,1
-87,-66,-106,3.1870705711923275,0.8886546174887237,30.507952651592536,1,1
-76,-72,-105,3.646861920335402,0.9856635065697155,63.40366427163383,2,1
-81,-60,-92,1.7430380640904843,0.9930259484253994,80.32861442529313,1,1
-70,-83,-92,-0.794642213349249,0.9741460911139046,24.15485506244998,1,0
-95,-92,-99,5.459026674091045,0.5160116774595624,548.2363537511822,3,2
-78,-53,-100,0.9281199165342269,0.966106891280968,23.720046915205238,2,1
-83,-58,-108,-2.031307254397192,0.9146082857861699,66.173822663004,0,1
-78,-72,-119,1.2795005277263582,0.818374177542009,80.67400142952889,2,1
-85,-69,-102,0.35358101842660883,0.9317384292414888,82.60655518810704,0,1
-91,-73,-96,3.7333666172384774,0.8361189196350602,82.95761079341331,1,1
-93,-63,-98,2.154909070992744,0.9128882181357765,60.16401707907577,1,1
-92,-100,-77,8.28115869885412,0.4207581198073644,806.5879426861369,5,2
-92,-95,-80,8.27999684770732,0.412343161723229,550.0721064444243,3,2
-94,-89,-76,0.9166193398974718,0.42453238225731305,875.1876632335817,4,2
-92,-86,-108,2.6791606260623557,0.4207603774349236,730.7808722752887,3,2
-46,-69,-106,3.3848076376398506,0.9030472152733594,33.10527816366189,1,0
-90,-75,-109,2.9340725814783735,0.8774157520671262,79.67401670509396,0,1
-80,-68,-104,4.177524891713773,0.8497160515429885,36.78735958851276,1,1
-92,-100,-87,6.7755486119671575,0.4983229757224612,760.1380718428935,5,2
-92,-89,-94,10.307480225047554,0.7897488954717031,594.6456416776809,3,2
-93,-97,-88,5.680810577938951,0.6169884013850625,896.4678773625291,4,2
-92,-94,-104,6.950103064496666,0.7052433454405234,324.57193015442374,5,2
-82,-62,-115,-2.8801750909776147,0.8826832898590523,32.92958490286971,2,1
-87,-89,-96,9.857183899711119,0.5567433185636316,580.8614967043081,3,2
-88,-89,-93,8.101680733796016,0.6058734468485756,443.2969372719803,2,2
-87,-69,-114,-3.315556148572804,0.824352382225055,79.38784404580073,2,1
-80,-54,-106,-3.1541487046296703,0.8963269693069725,31.919978891939476,0,1
-49,-78,-108,0.5600503864258455,0.9842314035298182,45.89721639275537,1,0
-92,-99,-110,1.8279334279521455,0.5347858902869826,293.80994324429736,4,2
-55,-99,-93,4.742482085344102,0.9236116533117404,26.580183368145107,1,0
-92,-64,-93,1.0983180549869456,0.8627455382388193,64.64338601191736,1,1
-95,-87,-97,8.845158605184615,0.4575257401259255,607.2939739258859,3,2
-90,-75,-103,3.2180644390108686,0.8948672219812428,78.01245820408919,1,1
-97,-92,-73,10.932824433208603,0.5457416953712928,662.684292577398,3,2
-88,-98,-73,7.811488021416872,0.6070385205262089,328.02145305369527,3,2
-88,-87,-88,9.048276419140588,0.6876639587778276,182.88572790961211,4,2
-98,-97,-100,11.285382068834071,0.7125395362457625,272.28491244958826,2,2
-89,-59,-120,-4.0707085562061005,0.8777305597259695,98.44134576008848,2,1
-94,-70,-92,-0.5420908542277108,0.8901239313459516,82.41704507440818,0,1
-87,-70,-112,1.1735175741297423,0.9383236111138639,51.013887580031536,2,1
-91,-51,-107,-0.6182765358801232,0.9637470008148541,80.65480088612298,1,1
-70,-81,-99,-0.8874488341463094,0.9850727460016455,44.442720798988866,1,0
-98,-89,-107,6.759467171445777,0.4876469917879754,957.2204050190621,5,2
-56,-69,-114,0.45915770164988956,0.9062341362511241,29.233479123562944,0,0
-97,-95,-80,0.37706185813527515,0.43802121821307716,447.05216157908325,4,2
-79,-67,-97,-1.5890997552577946,0.9976550542000262,38.01789618147918,1,1
-86,-99,-84,4.736812246137937,0.5710007325312447,677.4687179446191,3,2
-43,-72,-95,1.0278188202329854,0.9548603117938154,35.71702254457013,0,0
-92,-67,-98,-4.112326058922315,0.8521426599839833,51.47582772508733,2,1
-90,-86,-77,10.16633326840298,0.6240366789773583,878.6740126580299,4,2
-81,-52,-109,-4.103736608450578,0.8347505191324589,38.03510043709551,1,1
-53,-96,-93,0.8130541722678233,0.9840709985877931,30.606947296272505,1,0
-78,-68,-117,0.49414238430453317,0.8729596438289059,87.35762971973669,1,1
-95,-94,-94,1.9034897343165356,0.40521182710283354,662.5262674766851,5,2
-42,-94,-92,4.1911571527865945,0.9997255534768394,43.59155437826282,1,0
-93,-98,-87,9.554887146754252,0.57255225950963,512.2199905014329,3,2
-46,-66,-105,-2.202364928310543,0.9369230481509896,14.911075586508339,0,0
-90,-97,-109,8.69977403908863,0.4500501028566988,229.9488689203005,5,2
-89,-95,-89,10.872790628236384,0.6906996896672787,945.6863601641573,5,2
-87,-89,-98,0.7275471127976183,0.5378416337790239,477.4506505002745,2,2
-50,-84,-105,-3.533951783079745,0.9737405206093819,21.103486905176723,1,0
-44,-98,-116,4.461945428816902,0.959727808225543,18.2231923350255,0,0
-85,-62,-115,-1.2432774811827354,0.9914645775789175,27.50055365164453,1,1
-42,-72,-95,4.366481518557073,0.9347413408225415,33.961174591093055,1,0
-93,-64,-115,-2.3510455276326656,0.9604261116255175,42.61965516630096,0,1
-79,-59,-115,1.4257596894718958,0.8956468046096144,85.20947075842943,1,1
-89,-91,-74,7.956088153701311,0.6562542371210347,145.016719139001,5,2
-92,-90,-81,11.143923444178595,0.6026690595930984,931.6241833831596,4,2
-87,-99,-108,2.459774514321797,0.5446841019438323,484.7460853210833,2,2
-92,-72,-98,-4.300683942905659,0.8709682720513781,41.45112160764107,1,1
-68,-94,-95,2.4421165694329794,0.9330348481280915,31.105909205791434,0,0
-41,-68,-117,2.058314838786945,0.9147739091906227,46.738188997572045,0,0
-58,-65,-91,-2.7060525429505033,0.9767779501442839,26.25569233094088,1,0
-92,-68,-103,-2.2885256349981518,0.909923208743785,88.24716987229203,2,1
-83,-59,-118,3.0952997576844172,0.9303421295821936,65.24399719371523,1,1
-62,-79,-103,1.080878495418852,0.9204544593169464,27.487735854289742,1,0
-99,-87,-81,10.285554718275387,0.6128086715937008,175.87118315021536,3,2
-91,-92,-96,10.551061378156616,0.7036275757033503,126.55364963068534,2,2
-54,-92,-95,0.23602276015011192,0.9502288347462531,20.796448895687796,1,0
-93,-90,-79,10.75290134153488,0.45197654890717653,400.24611012613883,2,2
-90,-54,-120,-2.202964615285208,0.9496383811957996,79.9426970156621,0,1
-97,-100,-76,10.398575780989042,0.7137683432013671,322.41839919525273,4,2
-86,-55,-113,-2.5393034120200175,0.800066501224098,80.69411120888039,0,1
-52,-97,-113,-1.0334839804574814,0.9397163832504083,22.458926845310295,1,0
-88,-93,-75,10.793462550553219,0.7998175674876378,637.3861931680478,5,2
-47,-98,-119,4.852860506655043,0.9932938067099955,41.19035099152123,0,0
